,First name,Last name,Role,Department,Username,Email
0,Alice,Martinez,Junior,Marketing,alice.martinez0,alice.martinez0@example.com
1,Paula,Thomas,Analyst,Support,paula.thomas1,paula.thomas1@example.com
2,Victor,Martinez,Junior,R&D,victor.martinez2,victor.martinez2@example.com
3,Nina,Lee,Coordinator,WebDev,nina.lee3,nina.lee3@example.com
4,Hannah,Thompson,Lead,HR,hannah.thompson4,hannah.thompson4@example.com
5,Kevin,Jackson,Engineer,Design,kevin.jackson5,kevin.jackson5@example.com
6,Oliver,Walker,Analyst,Finance,oliver.walker6,oliver.walker6@example.com
7,Steve,Smith,Senior,Support,steve.smith7,steve.smith7@example.com
8,Rachel,Lee,Intern,Finance,rachel.lee8,rachel.lee8@example.com
9,Fiona,Garcia,Specialist,Operations,fiona.garcia9,fiona.garcia9@example.com
10,Xander,Anderson,Coordinator,Finance,xander.anderson10,xander.anderson10@example.com
11,Michael,Harris,Manager,ML,michael.harris11,michael.harris11@example.com
12,Kevin,Hall,Engineer,ML,kevin.hall12,kevin.hall12@example.com
13,Michael,Thompson,Lead,HR,michael.thompson13,michael.thompson13@example.com
14,Uma,Anderson,Junior,Email,uma.anderson14,uma.anderson14@example.com
15,Tina,Harris,Intern,Social Media,tina.harris15,tina.harris15@example.com
16,Rachel,Brown,Intern,Branding,rachel.brown16,rachel.brown16@example.com
17,Victor,Walker,Analyst,IT,victor.walker17,victor.walker17@example.com
18,Nina,Brown,Junior,Email,nina.brown18,nina.brown18@example.com
19,Nina,Hall,Junior,Data,nina.hall19,nina.hall19@example.com
20,Michael,Taylor,Lead,Security,michael.taylor20,michael.taylor20@example.com
21,Laura,Lee,Specialist,Finance,laura.lee21,laura.lee21@example.com
22,Julia,Thompson,Specialist,Support,julia.thompson22,julia.thompson22@example.com
23,Nina,Harris,Junior,Design,nina.harris23,nina.harris23@example.com
24,Kevin,Martinez,Junior,WebDev,kevin.martinez24,kevin.martinez24@example.com
25,Fiona,Taylor,Junior,Marketing,fiona.taylor25,fiona.taylor25@example.com
26,Quentin,Jackson,Junior,WebDev,quentin.jackson26,quentin.jackson26@example.com
27,Rachel,Martin,Manager,Security,rachel.martin27,rachel.martin27@example.com
28,George,Johnson,Lead,Sales,george.johnson28,george.johnson28@example.com
29,Zane,Allen,Senior,Finance,zane.allen29,zane.allen29@example.com
30,Laura,Garcia,Engineer,Design,laura.garcia30,laura.garcia30@example.com
31,George,Brown,Senior,R&D,george.brown31,george.brown31@example.com
32,Fiona,Hall,Specialist,Marketing,fiona.hall32,fiona.hall32@example.com
33,Charlie,Allen,Intern,Branding,charlie.allen33,charlie.allen33@example.com
34,Hannah,Clark,Manager,R&D,hannah.clark34,hannah.clark34@example.com
35,Hannah,Brown,Lead,Support,hannah.brown35,hannah.brown35@example.com
36,Wendy,Jackson,Coordinator,Security,wendy.jackson36,wendy.jackson36@example.com
37,Zane,Clark,Lead,Support,zane.clark37,zane.clark37@example.com
38,Uma,White,Coordinator,WebDev,uma.white38,uma.white38@example.com
39,Xander,Thomas,Manager,ML,xander.thomas39,xander.thomas39@example.com
40,Steve,Thomas,Junior,Email,steve.thomas40,steve.thomas40@example.com
41,Tina,Anderson,Lead,Support,tina.anderson41,tina.anderson41@example.com
42,Hannah,Lewis,Engineer,R&D,hannah.lewis42,hannah.lewis42@example.com
43,Paula,Brown,Lead,Email,paula.brown43,paula.brown43@example.com
44,Kevin,Johnson,Specialist,Email,kevin.johnson44,kevin.johnson44@example.com
45,Xander,Anderson,Junior,Email,xander.anderson45,xander.anderson45@example.com
46,Hannah,Allen,Manager,Design,hannah.allen46,hannah.allen46@example.com
47,George,Taylor,Lead,Finance,george.taylor47,george.taylor47@example.com
48,Steve,Hall,Junior,Design,steve.hall48,steve.hall48@example.com
49,George,Clark,Engineer,R&D,george.clark49,george.clark49@example.com
50,Oliver,Allen,Coordinator,R&D,oliver.allen50,oliver.allen50@example.com
51,Laura,Walker,Coordinator,WebDev,laura.walker51,laura.walker51@example.com
52,Xander,Robinson,Engineer,IT,xander.robinson52,xander.robinson52@example.com
53,Oliver,Thomas,Lead,Security,oliver.thomas53,oliver.thomas53@example.com
54,Rachel,Lee,Specialist,ML,rachel.lee54,rachel.lee54@example.com
55,Wendy,Anderson,Manager,Operations,wendy.anderson55,wendy.anderson55@example.com
56,Rachel,White,Coordinator,Design,rachel.white56,rachel.white56@example.com
57,Uma,White,Engineer,Social Media,uma.white57,uma.white57@example.com
58,Julia,White,Senior,Social Media,julia.white58,julia.white58@example.com
59,Quentin,Johnson,Senior,Security,quentin.johnson59,quentin.johnson59@example.com
60,Nina,White,Specialist,WebDev,nina.white60,nina.white60@example.com
61,Julia,Jackson,Senior,Security,julia.jackson61,julia.jackson61@example.com
62,Nina,Anderson,Manager,Social Media,nina.anderson62,nina.anderson62@example.com
63,Uma,Hall,Junior,Design,uma.hall63,uma.hall63@example.com
64,Xander,Hall,Engineer,Branding,xander.hall64,xander.hall64@example.com
65,Victor,Lee,Intern,Marketing,victor.lee65,victor.lee65@example.com
66,Nina,Smith,Senior,Marketing,nina.smith66,nina.smith66@example.com
67,Diana,Lewis,Lead,HR,diana.lewis67,diana.lewis67@example.com
68,Steve,Taylor,Engineer,Support,steve.taylor68,steve.taylor68@example.com
69,Tina,Martin,Intern,IT,tina.martin69,tina.martin69@example.com
70,Steve,Thomas,Senior,Branding,steve.thomas70,steve.thomas70@example.com
71,Tina,Garcia,Analyst,Security,tina.garcia71,tina.garcia71@example.com
72,Alice,White,Lead,Social Media,alice.white72,alice.white72@example.com
73,Oliver,Taylor,Senior,Marketing,oliver.taylor73,oliver.taylor73@example.com
74,George,Allen,Lead,Sales,george.allen74,george.allen74@example.com
75,Hannah,Lewis,Manager,R&D,hannah.lewis75,hannah.lewis75@example.com
76,Yara,Harris,Manager,Social Media,yara.harris76,yara.harris76@example.com
77,Julia,Garcia,Specialist,Branding,julia.garcia77,julia.garcia77@example.com
78,Uma,Harris,Intern,IT,uma.harris78,uma.harris78@example.com
79,Ethan,Allen,Engineer,Sales,ethan.allen79,ethan.allen79@example.com
80,Wendy,Anderson,Lead,Email,wendy.anderson80,wendy.anderson80@example.com
81,Victor,Clark,Junior,Security,victor.clark81,victor.clark81@example.com
82,Tina,White,Specialist,Security,tina.white82,tina.white82@example.com
83,Fiona,Martin,Junior,Marketing,fiona.martin83,fiona.martin83@example.com
84,Wendy,Robinson,Junior,Data,wendy.robinson84,wendy.robinson84@example.com
85,Kevin,Lee,Specialist,Data,kevin.lee85,kevin.lee85@example.com
86,Nina,Smith,Senior,Email,nina.smith86,nina.smith86@example.com
87,Paula,Jackson,Analyst,Data,paula.jackson87,paula.jackson87@example.com
88,Fiona,Johnson,Lead,Support,fiona.johnson88,fiona.johnson88@example.com
89,Fiona,Walker,Lead,ML,fiona.walker89,fiona.walker89@example.com
90,Zane,Walker,Junior,Operations,zane.walker90,zane.walker90@example.com
91,Kevin,White,Junior,Finance,kevin.white91,kevin.white91@example.com
92,Julia,Martinez,Lead,IT,julia.martinez92,julia.martinez92@example.com
93,Nina,Hall,Senior,Support,nina.hall93,nina.hall93@example.com
94,Paula,Clark,Lead,Data,paula.clark94,paula.clark94@example.com
95,Quentin,Thomas,Specialist,Security,quentin.thomas95,quentin.thomas95@example.com
96,Yara,Jackson,Engineer,Branding,yara.jackson96,yara.jackson96@example.com
97,Kevin,Garcia,Specialist,Data,kevin.garcia97,kevin.garcia97@example.com
98,Laura,Harris,Junior,IT,laura.harris98,laura.harris98@example.com
99,Julia,Martin,Senior,Sales,julia.martin99,julia.martin99@example.com
100,Uma,Thomas,Lead,Security,uma.thomas100,uma.thomas100@example.com
101,Nina,Martin,Analyst,R&D,nina.martin101,nina.martin101@example.com
102,Hannah,Clark,Engineer,Email,hannah.clark102,hannah.clark102@example.com
103,Yara,Smith,Engineer,Data,yara.smith103,yara.smith103@example.com
104,Oliver,Hall,Analyst,Social Media,oliver.hall104,oliver.hall104@example.com
105,Steve,Johnson,Analyst,R&D,steve.johnson105,steve.johnson105@example.com
106,Oliver,Clark,Lead,ML,oliver.clark106,oliver.clark106@example.com
107,Xander,Taylor,Analyst,R&D,xander.taylor107,xander.taylor107@example.com
108,Zane,Clark,Intern,HR,zane.clark108,zane.clark108@example.com
109,Paula,Jackson,Senior,Social Media,paula.jackson109,paula.jackson109@example.com
110,Ethan,Lewis,Engineer,HR,ethan.lewis110,ethan.lewis110@example.com
111,Ian,Martinez,Intern,R&D,ian.martinez111,ian.martinez111@example.com
112,Diana,Taylor,Junior,WebDev,diana.taylor112,diana.taylor112@example.com
113,Kevin,Allen,Senior,Email,kevin.allen113,kevin.allen113@example.com
114,Alice,Taylor,Analyst,Finance,alice.taylor114,alice.taylor114@example.com
115,Laura,Walker,Coordinator,Branding,laura.walker115,laura.walker115@example.com
116,Diana,Jackson,Senior,IT,diana.jackson116,diana.jackson116@example.com
117,Tina,Jackson,Senior,Operations,tina.jackson117,tina.jackson117@example.com
118,Rachel,Hall,Intern,ML,rachel.hall118,rachel.hall118@example.com
119,Rachel,Lee,Intern,Marketing,rachel.lee119,rachel.lee119@example.com
120,Yara,Harris,Junior,Security,yara.harris120,yara.harris120@example.com
121,Quentin,Garcia,Junior,Design,quentin.garcia121,quentin.garcia121@example.com
122,Alice,Martin,Manager,Email,alice.martin122,alice.martin122@example.com
123,Hannah,Martinez,Junior,Marketing,hannah.martinez123,hannah.martinez123@example.com
124,Fiona,Allen,Lead,Branding,fiona.allen124,fiona.allen124@example.com
125,Diana,Allen,Specialist,Social Media,diana.allen125,diana.allen125@example.com
126,Ethan,Johnson,Manager,WebDev,ethan.johnson126,ethan.johnson126@example.com
127,Zane,Garcia,Senior,Support,zane.garcia127,zane.garcia127@example.com
128,Charlie,Hall,Specialist,Support,charlie.hall128,charlie.hall128@example.com
129,Wendy,Smith,Engineer,Social Media,wendy.smith129,wendy.smith129@example.com
130,Paula,Johnson,Manager,Finance,paula.johnson130,paula.johnson130@example.com
131,Oliver,Robinson,Specialist,Security,oliver.robinson131,oliver.robinson131@example.com
132,Uma,Smith,Senior,R&D,uma.smith132,uma.smith132@example.com
133,Laura,Johnson,Manager,Branding,laura.johnson133,laura.johnson133@example.com
134,Diana,Allen,Lead,Operations,diana.allen134,diana.allen134@example.com
135,Julia,White,Coordinator,Email,julia.white135,julia.white135@example.com
136,Nina,Clark,Analyst,Email,nina.clark136,nina.clark136@example.com
137,Tina,Hall,Junior,Sales,tina.hall137,tina.hall137@example.com
138,Victor,Lee,Manager,R&D,victor.lee138,victor.lee138@example.com
139,Hannah,Jackson,Junior,Security,hannah.jackson139,hannah.jackson139@example.com
140,Uma,Lewis,Junior,Marketing,uma.lewis140,uma.lewis140@example.com
141,Tina,Harris,Engineer,IT,tina.harris141,tina.harris141@example.com
142,Tina,Taylor,Junior,Security,tina.taylor142,tina.taylor142@example.com
143,Uma,Clark,Senior,Sales,uma.clark143,uma.clark143@example.com
144,Alice,Martin,Coordinator,Branding,alice.martin144,alice.martin144@example.com
145,Xander,Hall,Senior,Sales,xander.hall145,xander.hall145@example.com
146,Oliver,Lee,Engineer,Support,oliver.lee146,oliver.lee146@example.com
147,Charlie,Robinson,Senior,Design,charlie.robinson147,charlie.robinson147@example.com
148,Kevin,Robinson,Manager,Branding,kevin.robinson148,kevin.robinson148@example.com
149,Xander,Clark,Engineer,Security,xander.clark149,xander.clark149@example.com
150,Ian,Allen,Analyst,Branding,ian.allen150,ian.allen150@example.com
151,Quentin,Anderson,Specialist,R&D,quentin.anderson151,quentin.anderson151@example.com
152,Michael,Thomas,Senior,Data,michael.thomas152,michael.thomas152@example.com
153,Ian,Harris,Lead,Marketing,ian.harris153,ian.harris153@example.com
154,Yara,Martin,Coordinator,ML,yara.martin154,yara.martin154@example.com
155,Laura,Johnson,Analyst,Support,laura.johnson155,laura.johnson155@example.com
156,Yara,Lewis,Engineer,Branding,yara.lewis156,yara.lewis156@example.com
157,Bob,Anderson,Coordinator,Security,bob.anderson157,bob.anderson157@example.com
158,Fiona,Harris,Analyst,Marketing,fiona.harris158,fiona.harris158@example.com
159,Yara,White,Analyst,Sales,yara.white159,yara.white159@example.com
160,Kevin,Allen,Specialist,ML,kevin.allen160,kevin.allen160@example.com
161,Tina,Martin,Coordinator,Finance,tina.martin161,tina.martin161@example.com
162,Ethan,Jackson,Senior,Social Media,ethan.jackson162,ethan.jackson162@example.com
163,George,Allen,Specialist,Security,george.allen163,george.allen163@example.com
164,Charlie,Clark,Engineer,Social Media,charlie.clark164,charlie.clark164@example.com
165,Wendy,Johnson,Analyst,IT,wendy.johnson165,wendy.johnson165@example.com
166,Julia,Thompson,Lead,Security,julia.thompson166,julia.thompson166@example.com
167,Paula,Walker,Engineer,Branding,paula.walker167,paula.walker167@example.com
168,Julia,Taylor,Manager,ML,julia.taylor168,julia.taylor168@example.com
169,Rachel,Harris,Specialist,Branding,rachel.harris169,rachel.harris169@example.com
170,Oliver,Clark,Senior,Marketing,oliver.clark170,oliver.clark170@example.com
171,Alice,Thompson,Senior,HR,alice.thompson171,alice.thompson171@example.com
172,Hannah,Garcia,Coordinator,Design,hannah.garcia172,hannah.garcia172@example.com
173,Xander,Taylor,Engineer,Sales,xander.taylor173,xander.taylor173@example.com
174,Ian,Brown,Junior,WebDev,ian.brown174,ian.brown174@example.com
175,Bob,Harris,Intern,ML,bob.harris175,bob.harris175@example.com
176,Nina,Garcia,Junior,Security,nina.garcia176,nina.garcia176@example.com
177,Victor,Clark,Lead,Design,victor.clark177,victor.clark177@example.com
178,Steve,Anderson,Engineer,Data,steve.anderson178,steve.anderson178@example.com
179,Tina,Lee,Analyst,Sales,tina.lee179,tina.lee179@example.com
180,Uma,Walker,Coordinator,Support,uma.walker180,uma.walker180@example.com
181,Bob,Harris,Manager,R&D,bob.harris181,bob.harris181@example.com
182,Wendy,Hall,Engineer,IT,wendy.hall182,wendy.hall182@example.com
183,Nina,Thomas,Manager,R&D,nina.thomas183,nina.thomas183@example.com
184,George,Hall,Coordinator,Branding,george.hall184,george.hall184@example.com
185,Nina,Harris,Manager,Marketing,nina.harris185,nina.harris185@example.com
186,Kevin,Martinez,Specialist,Operations,kevin.martinez186,kevin.martinez186@example.com
187,Ethan,Smith,Specialist,Branding,ethan.smith187,ethan.smith187@example.com
188,Hannah,Martinez,Engineer,WebDev,hannah.martinez188,hannah.martinez188@example.com
189,Ian,Clark,Specialist,Support,ian.clark189,ian.clark189@example.com
190,Rachel,Clark,Lead,Marketing,rachel.clark190,rachel.clark190@example.com
191,Ethan,Taylor,Intern,R&D,ethan.taylor191,ethan.taylor191@example.com
192,Steve,Allen,Analyst,Sales,steve.allen192,steve.allen192@example.com
193,Julia,Clark,Manager,Support,julia.clark193,julia.clark193@example.com
194,Ian,Lee,Coordinator,Marketing,ian.lee194,ian.lee194@example.com
195,Yara,Brown,Manager,Finance,yara.brown195,yara.brown195@example.com
196,Tina,Walker,Engineer,Security,tina.walker196,tina.walker196@example.com
197,Yara,Thompson,Junior,Email,yara.thompson197,yara.thompson197@example.com
198,Laura,Garcia,Intern,ML,laura.garcia198,laura.garcia198@example.com
199,Michael,Martin,Senior,ML,michael.martin199,michael.martin199@example.com
200,Nina,Walker,Lead,HR,nina.walker200,nina.walker200@example.com
201,Xander,Harris,Intern,Social Media,xander.harris201,xander.harris201@example.com
202,Nina,Martin,Analyst,WebDev,nina.martin202,nina.martin202@example.com
203,Nina,Hall,Lead,Data,nina.hall203,nina.hall203@example.com
204,Michael,Harris,Manager,Social Media,michael.harris204,michael.harris204@example.com
205,Diana,Allen,Senior,R&D,diana.allen205,diana.allen205@example.com
206,Xander,Thomas,Senior,Marketing,xander.thomas206,xander.thomas206@example.com
207,Nina,Brown,Analyst,IT,nina.brown207,nina.brown207@example.com
208,Paula,Hall,Engineer,ML,paula.hall208,paula.hall208@example.com
209,Quentin,Lewis,Engineer,Branding,quentin.lewis209,quentin.lewis209@example.com
210,Paula,Thompson,Intern,ML,paula.thompson210,paula.thompson210@example.com
211,Xander,Harris,Engineer,HR,xander.harris211,xander.harris211@example.com
212,Paula,Walker,Junior,WebDev,paula.walker212,paula.walker212@example.com
213,Ethan,Martin,Engineer,Security,ethan.martin213,ethan.martin213@example.com
214,Kevin,Brown,Junior,R&D,kevin.brown214,kevin.brown214@example.com
215,Charlie,Thomas,Coordinator,Design,charlie.thomas215,charlie.thomas215@example.com
216,Fiona,Lee,Lead,Data,fiona.lee216,fiona.lee216@example.com
217,Uma,Thompson,Manager,Email,uma.thompson217,uma.thompson217@example.com
218,Diana,Lee,Analyst,Data,diana.lee218,diana.lee218@example.com
219,Xander,Walker,Analyst,Finance,xander.walker219,xander.walker219@example.com
220,Diana,Allen,Engineer,Branding,diana.allen220,diana.allen220@example.com
221,Quentin,Walker,Engineer,Social Media,quentin.walker221,quentin.walker221@example.com
222,Tina,Clark,Senior,Email,tina.clark222,tina.clark222@example.com
223,Fiona,Anderson,Lead,Email,fiona.anderson223,fiona.anderson223@example.com
224,Ethan,Lewis,Lead,ML,ethan.lewis224,ethan.lewis224@example.com
225,Hannah,Jackson,Manager,Sales,hannah.jackson225,hannah.jackson225@example.com
226,Charlie,Thompson,Engineer,Email,charlie.thompson226,charlie.thompson226@example.com
227,Xander,Walker,Coordinator,Design,xander.walker227,xander.walker227@example.com
228,Victor,Harris,Manager,Branding,victor.harris228,victor.harris228@example.com
229,Charlie,Lewis,Intern,ML,charlie.lewis229,charlie.lewis229@example.com
230,Michael,Taylor,Coordinator,Sales,michael.taylor230,michael.taylor230@example.com
231,Oliver,Hall,Manager,Operations,oliver.hall231,oliver.hall231@example.com
232,Kevin,Thomas,Analyst,R&D,kevin.thomas232,kevin.thomas232@example.com
233,Charlie,Anderson,Lead,R&D,charlie.anderson233,charlie.anderson233@example.com
234,Laura,Johnson,Engineer,R&D,laura.johnson234,laura.johnson234@example.com
235,Wendy,Thomas,Analyst,Branding,wendy.thomas235,wendy.thomas235@example.com
236,Xander,Jackson,Engineer,Support,xander.jackson236,xander.jackson236@example.com
237,Hannah,Anderson,Engineer,Branding,hannah.anderson237,hannah.anderson237@example.com
238,Paula,Lewis,Junior,Operations,paula.lewis238,paula.lewis238@example.com
239,Oliver,Lee,Specialist,Operations,oliver.lee239,oliver.lee239@example.com
240,Zane,Johnson,Junior,Sales,zane.johnson240,zane.johnson240@example.com
241,Oliver,Thompson,Intern,Support,oliver.thompson241,oliver.thompson241@example.com
242,Oliver,Clark,Manager,Email,oliver.clark242,oliver.clark242@example.com
243,George,Harris,Specialist,Sales,george.harris243,george.harris243@example.com
244,Xander,Brown,Manager,Finance,xander.brown244,xander.brown244@example.com
245,Uma,Clark,Coordinator,IT,uma.clark245,uma.clark245@example.com
246,Xander,Hall,Lead,Branding,xander.hall246,xander.hall246@example.com
247,Kevin,Martinez,Engineer,Email,kevin.martinez247,kevin.martinez247@example.com
248,Diana,Garcia,Junior,Sales,diana.garcia248,diana.garcia248@example.com
249,Uma,Lewis,Intern,Design,uma.lewis249,uma.lewis249@example.com
250,Michael,Taylor,Engineer,Security,michael.taylor250,michael.taylor250@example.com
251,Tina,Harris,Analyst,WebDev,tina.harris251,tina.harris251@example.com
252,Victor,Garcia,Specialist,Marketing,victor.garcia252,victor.garcia252@example.com
253,Xander,Lewis,Analyst,WebDev,xander.lewis253,xander.lewis253@example.com
254,Michael,Johnson,Senior,Support,michael.johnson254,michael.johnson254@example.com
255,Hannah,Lee,Junior,Branding,hannah.lee255,hannah.lee255@example.com
256,Tina,Allen,Lead,Support,tina.allen256,tina.allen256@example.com
257,Charlie,Hall,Manager,R&D,charlie.hall257,charlie.hall257@example.com
258,Paula,Jackson,Lead,Sales,paula.jackson258,paula.jackson258@example.com
259,Fiona,Smith,Manager,Branding,fiona.smith259,fiona.smith259@example.com
260,Yara,Thompson,Specialist,Sales,yara.thompson260,yara.thompson260@example.com
261,Uma,Jackson,Manager,ML,uma.jackson261,uma.jackson261@example.com
262,Charlie,Walker,Specialist,Branding,charlie.walker262,charlie.walker262@example.com
263,Zane,Lee,Manager,R&D,zane.lee263,zane.lee263@example.com
264,Michael,Taylor,Junior,ML,michael.taylor264,michael.taylor264@example.com
265,Ethan,Allen,Analyst,WebDev,ethan.allen265,ethan.allen265@example.com
266,Xander,Walker,Senior,Security,xander.walker266,xander.walker266@example.com
267,Kevin,Hall,Manager,HR,kevin.hall267,kevin.hall267@example.com
268,Xander,Martin,Junior,Data,xander.martin268,xander.martin268@example.com
269,Wendy,Johnson,Lead,Design,wendy.johnson269,wendy.johnson269@example.com
270,Zane,Hall,Engineer,Marketing,zane.hall270,zane.hall270@example.com
271,Bob,Lee,Analyst,HR,bob.lee271,bob.lee271@example.com
272,Charlie,Garcia,Manager,IT,charlie.garcia272,charlie.garcia272@example.com
273,Bob,Johnson,Engineer,Marketing,bob.johnson273,bob.johnson273@example.com
274,Michael,Clark,Engineer,Design,michael.clark274,michael.clark274@example.com
275,Victor,Harris,Analyst,Security,victor.harris275,victor.harris275@example.com
276,Quentin,White,Intern,IT,quentin.white276,quentin.white276@example.com
277,Laura,Anderson,Intern,Security,laura.anderson277,laura.anderson277@example.com
278,George,Lee,Engineer,Sales,george.lee278,george.lee278@example.com
279,Rachel,Jackson,Coordinator,WebDev,rachel.jackson279,rachel.jackson279@example.com
280,Rachel,Walker,Coordinator,IT,rachel.walker280,rachel.walker280@example.com
281,Steve,Thomas,Senior,Design,steve.thomas281,steve.thomas281@example.com
282,Ethan,White,Coordinator,Marketing,ethan.white282,ethan.white282@example.com
283,Xander,Lee,Analyst,Design,xander.lee283,xander.lee283@example.com
284,Rachel,Lee,Lead,Operations,rachel.lee284,rachel.lee284@example.com
285,Quentin,Jackson,Lead,Operations,quentin.jackson285,quentin.jackson285@example.com
286,Fiona,Allen,Intern,Security,fiona.allen286,fiona.allen286@example.com
287,Alice,Smith,Manager,Data,alice.smith287,alice.smith287@example.com
288,Uma,Brown,Coordinator,Email,uma.brown288,uma.brown288@example.com
289,Charlie,Thomas,Engineer,Social Media,charlie.thomas289,charlie.thomas289@example.com
290,Wendy,Lee,Analyst,R&D,wendy.lee290,wendy.lee290@example.com
291,Hannah,Hall,Analyst,Data,hannah.hall291,hannah.hall291@example.com
292,Yara,Smith,Specialist,Email,yara.smith292,yara.smith292@example.com
293,Steve,Smith,Engineer,Sales,steve.smith293,steve.smith293@example.com
294,Charlie,Thompson,Senior,Sales,charlie.thompson294,charlie.thompson294@example.com
295,Ian,Hall,Intern,ML,ian.hall295,ian.hall295@example.com
296,Xander,Martinez,Lead,ML,xander.martinez296,xander.martinez296@example.com
297,Nina,Anderson,Lead,Marketing,nina.anderson297,nina.anderson297@example.com
298,Yara,Taylor,Engineer,R&D,yara.taylor298,yara.taylor298@example.com
299,Alice,White,Manager,Branding,alice.white299,alice.white299@example.com
300,Bob,Thomas,Intern,ML,bob.thomas300,bob.thomas300@example.com
301,Ian,Thompson,Manager,Social Media,ian.thompson301,ian.thompson301@example.com
302,Steve,Clark,Junior,ML,steve.clark302,steve.clark302@example.com
303,Laura,Hall,Senior,HR,laura.hall303,laura.hall303@example.com
304,Charlie,Allen,Lead,Sales,charlie.allen304,charlie.allen304@example.com
305,Steve,Walker,Coordinator,ML,steve.walker305,steve.walker305@example.com
306,Fiona,Martinez,Coordinator,Design,fiona.martinez306,fiona.martinez306@example.com
307,Steve,Martinez,Specialist,Security,steve.martinez307,steve.martinez307@example.com
308,Alice,Thompson,Senior,Design,alice.thompson308,alice.thompson308@example.com
309,Diana,Martin,Engineer,Branding,diana.martin309,diana.martin309@example.com
310,Michael,Robinson,Intern,Sales,michael.robinson310,michael.robinson310@example.com
311,Rachel,Anderson,Lead,Social Media,rachel.anderson311,rachel.anderson311@example.com
312,Diana,Anderson,Junior,WebDev,diana.anderson312,diana.anderson312@example.com
313,Michael,Brown,Intern,Security,michael.brown313,michael.brown313@example.com
314,Kevin,Walker,Senior,Security,kevin.walker314,kevin.walker314@example.com
315,Hannah,Taylor,Manager,Design,hannah.taylor315,hannah.taylor315@example.com
316,Victor,Martinez,Senior,Branding,victor.martinez316,victor.martinez316@example.com
317,Quentin,Jackson,Engineer,Social Media,quentin.jackson317,quentin.jackson317@example.com
318,Julia,Lewis,Junior,Email,julia.lewis318,julia.lewis318@example.com
319,Zane,Walker,Analyst,Marketing,zane.walker319,zane.walker319@example.com
320,Ethan,Hall,Manager,Security,ethan.hall320,ethan.hall320@example.com
321,Laura,Garcia,Senior,R&D,laura.garcia321,laura.garcia321@example.com
322,Uma,Lewis,Senior,Finance,uma.lewis322,uma.lewis322@example.com
323,Michael,Harris,Analyst,Email,michael.harris323,michael.harris323@example.com
324,Laura,Allen,Engineer,Design,laura.allen324,laura.allen324@example.com
325,Julia,Martin,Intern,Finance,julia.martin325,julia.martin325@example.com
326,Zane,Lewis,Engineer,Email,zane.lewis326,zane.lewis326@example.com
327,Xander,Hall,Junior,Operations,xander.hall327,xander.hall327@example.com
328,Yara,Hall,Specialist,Social Media,yara.hall328,yara.hall328@example.com
329,Yara,Allen,Intern,Data,yara.allen329,yara.allen329@example.com
330,Kevin,Thomas,Analyst,Sales,kevin.thomas330,kevin.thomas330@example.com
331,Ethan,Lewis,Intern,R&D,ethan.lewis331,ethan.lewis331@example.com
332,Fiona,White,Intern,WebDev,fiona.white332,fiona.white332@example.com
333,Tina,Garcia,Junior,Branding,tina.garcia333,tina.garcia333@example.com
334,Zane,Brown,Senior,IT,zane.brown334,zane.brown334@example.com
335,Uma,Johnson,Manager,Support,uma.johnson335,uma.johnson335@example.com
336,Quentin,Thompson,Senior,Email,quentin.thompson336,quentin.thompson336@example.com
337,Ian,Smith,Analyst,Sales,ian.smith337,ian.smith337@example.com
338,Alice,Garcia,Senior,Marketing,alice.garcia338,alice.garcia338@example.com
339,Bob,Garcia,Engineer,Support,bob.garcia339,bob.garcia339@example.com
340,Uma,Garcia,Manager,Operations,uma.garcia340,uma.garcia340@example.com
341,Paula,Lee,Analyst,Branding,paula.lee341,paula.lee341@example.com
342,Laura,Walker,Senior,Design,laura.walker342,laura.walker342@example.com
343,Tina,Lewis,Junior,R&D,tina.lewis343,tina.lewis343@example.com
344,Ethan,Thompson,Coordinator,Email,ethan.thompson344,ethan.thompson344@example.com
345,Oliver,Brown,Specialist,Sales,oliver.brown345,oliver.brown345@example.com
346,Wendy,Harris,Coordinator,Finance,wendy.harris346,wendy.harris346@example.com
347,Yara,Lewis,Engineer,IT,yara.lewis347,yara.lewis347@example.com
348,Fiona,Thompson,Lead,Branding,fiona.thompson348,fiona.thompson348@example.com
349,Steve,Garcia,Lead,Data,steve.garcia349,steve.garcia349@example.com
350,Ethan,Lewis,Manager,Sales,ethan.lewis350,ethan.lewis350@example.com
351,Uma,Lewis,Lead,ML,uma.lewis351,uma.lewis351@example.com
352,Alice,Taylor,Engineer,Marketing,alice.taylor352,alice.taylor352@example.com
353,Michael,Brown,Specialist,WebDev,michael.brown353,michael.brown353@example.com
354,Kevin,Anderson,Analyst,Email,kevin.anderson354,kevin.anderson354@example.com
355,Alice,Walker,Senior,Social Media,alice.walker355,alice.walker355@example.com
356,Ethan,Brown,Junior,Finance,ethan.brown356,ethan.brown356@example.com
357,Fiona,Taylor,Analyst,Security,fiona.taylor357,fiona.taylor357@example.com
358,Fiona,Garcia,Lead,R&D,fiona.garcia358,fiona.garcia358@example.com
359,Laura,Anderson,Intern,Finance,laura.anderson359,laura.anderson359@example.com
360,George,Harris,Senior,IT,george.harris360,george.harris360@example.com
361,Zane,Robinson,Specialist,Data,zane.robinson361,zane.robinson361@example.com
362,Ethan,Lee,Analyst,Data,ethan.lee362,ethan.lee362@example.com
363,Oliver,Lee,Intern,Branding,oliver.lee363,oliver.lee363@example.com
364,Quentin,Clark,Junior,Security,quentin.clark364,quentin.clark364@example.com
365,Zane,Taylor,Lead,Sales,zane.taylor365,zane.taylor365@example.com
366,Rachel,Garcia,Specialist,R&D,rachel.garcia366,rachel.garcia366@example.com
367,Oliver,Thomas,Manager,ML,oliver.thomas367,oliver.thomas367@example.com
368,Bob,Thompson,Manager,Sales,bob.thompson368,bob.thompson368@example.com
369,Ian,Harris,Engineer,Finance,ian.harris369,ian.harris369@example.com
370,Bob,Anderson,Specialist,WebDev,bob.anderson370,bob.anderson370@example.com
371,Diana,Harris,Senior,Finance,diana.harris371,diana.harris371@example.com
372,Nina,White,Manager,ML,nina.white372,nina.white372@example.com
373,Laura,Walker,Analyst,Social Media,laura.walker373,laura.walker373@example.com
374,George,Jackson,Lead,R&D,george.jackson374,george.jackson374@example.com
375,Hannah,Garcia,Specialist,HR,hannah.garcia375,hannah.garcia375@example.com
376,Nina,Garcia,Intern,ML,nina.garcia376,nina.garcia376@example.com
377,Rachel,Garcia,Lead,Sales,rachel.garcia377,rachel.garcia377@example.com
378,Tina,Jackson,Junior,Data,tina.jackson378,tina.jackson378@example.com
379,Nina,Clark,Junior,Operations,nina.clark379,nina.clark379@example.com
380,Rachel,Johnson,Specialist,Marketing,rachel.johnson380,rachel.johnson380@example.com
381,Xander,White,Specialist,Email,xander.white381,xander.white381@example.com
382,Victor,Lee,Specialist,Operations,victor.lee382,victor.lee382@example.com
383,Ethan,Smith,Senior,Marketing,ethan.smith383,ethan.smith383@example.com
384,Wendy,Hall,Junior,Finance,wendy.hall384,wendy.hall384@example.com
385,Uma,Allen,Specialist,R&D,uma.allen385,uma.allen385@example.com
386,Uma,Garcia,Analyst,Marketing,uma.garcia386,uma.garcia386@example.com
387,Uma,Brown,Junior,Operations,uma.brown387,uma.brown387@example.com
388,Charlie,Martinez,Manager,WebDev,charlie.martinez388,charlie.martinez388@example.com
389,Victor,Allen,Coordinator,Support,victor.allen389,victor.allen389@example.com
390,Hannah,Lewis,Engineer,Operations,hannah.lewis390,hannah.lewis390@example.com
391,Alice,Smith,Engineer,Marketing,alice.smith391,alice.smith391@example.com
392,Hannah,Thompson,Engineer,HR,hannah.thompson392,hannah.thompson392@example.com
393,Tina,Martin,Coordinator,ML,tina.martin393,tina.martin393@example.com
394,Bob,Walker,Analyst,Finance,bob.walker394,bob.walker394@example.com
395,Oliver,Thomas,Coordinator,Branding,oliver.thomas395,oliver.thomas395@example.com
396,Oliver,Thomas,Intern,Design,oliver.thomas396,oliver.thomas396@example.com
397,Bob,Anderson,Junior,Social Media,bob.anderson397,bob.anderson397@example.com
398,Julia,Martinez,Engineer,Operations,julia.martinez398,julia.martinez398@example.com
399,Steve,Johnson,Senior,Branding,steve.johnson399,steve.johnson399@example.com
400,Kevin,Allen,Lead,Marketing,kevin.allen400,kevin.allen400@example.com
401,Zane,Jackson,Junior,R&D,zane.jackson401,zane.jackson401@example.com
402,George,Thompson,Analyst,Design,george.thompson402,george.thompson402@example.com
403,Zane,Jackson,Intern,Marketing,zane.jackson403,zane.jackson403@example.com
404,Victor,Robinson,Engineer,HR,victor.robinson404,victor.robinson404@example.com
405,Tina,Jackson,Junior,IT,tina.jackson405,tina.jackson405@example.com
406,Oliver,Allen,Junior,IT,oliver.allen406,oliver.allen406@example.com
407,Ethan,Brown,Engineer,ML,ethan.brown407,ethan.brown407@example.com
408,Ian,Thompson,Manager,Finance,ian.thompson408,ian.thompson408@example.com
409,Oliver,Hall,Intern,ML,oliver.hall409,oliver.hall409@example.com
410,Nina,Allen,Coordinator,Security,nina.allen410,nina.allen410@example.com
411,Diana,Robinson,Intern,Email,diana.robinson411,diana.robinson411@example.com
412,Paula,Smith,Analyst,Support,paula.smith412,paula.smith412@example.com
413,George,White,Manager,Security,george.white413,george.white413@example.com
414,Laura,Jackson,Junior,HR,laura.jackson414,laura.jackson414@example.com
415,Yara,Anderson,Junior,Email,yara.anderson415,yara.anderson415@example.com
416,Bob,White,Intern,Operations,bob.white416,bob.white416@example.com
417,Paula,Martin,Intern,ML,paula.martin417,paula.martin417@example.com
418,Julia,Garcia,Lead,Finance,julia.garcia418,julia.garcia418@example.com
419,Ian,Jackson,Engineer,Social Media,ian.jackson419,ian.jackson419@example.com
420,Xander,Taylor,Coordinator,WebDev,xander.taylor420,xander.taylor420@example.com
421,Oliver,Martinez,Lead,Social Media,oliver.martinez421,oliver.martinez421@example.com
422,Michael,Martin,Specialist,Email,michael.martin422,michael.martin422@example.com
423,Victor,Garcia,Analyst,Sales,victor.garcia423,victor.garcia423@example.com
424,Tina,Hall,Intern,Marketing,tina.hall424,tina.hall424@example.com
425,Michael,Thompson,Analyst,ML,michael.thompson425,michael.thompson425@example.com
426,Paula,Allen,Coordinator,WebDev,paula.allen426,paula.allen426@example.com
427,Bob,Taylor,Manager,R&D,bob.taylor427,bob.taylor427@example.com
428,Steve,Martinez,Intern,R&D,steve.martinez428,steve.martinez428@example.com
429,Ian,Thompson,Coordinator,HR,ian.thompson429,ian.thompson429@example.com
430,Ethan,Johnson,Analyst,WebDev,ethan.johnson430,ethan.johnson430@example.com
431,Quentin,Allen,Analyst,R&D,quentin.allen431,quentin.allen431@example.com
432,Charlie,Lee,Engineer,HR,charlie.lee432,charlie.lee432@example.com
433,Victor,Robinson,Junior,Security,victor.robinson433,victor.robinson433@example.com
434,Oliver,Hall,Specialist,Data,oliver.hall434,oliver.hall434@example.com
435,Victor,Thompson,Junior,HR,victor.thompson435,victor.thompson435@example.com
436,Bob,Johnson,Senior,Sales,bob.johnson436,bob.johnson436@example.com
437,Steve,Martin,Analyst,Security,steve.martin437,steve.martin437@example.com
438,Xander,Walker,Intern,ML,xander.walker438,xander.walker438@example.com
439,Steve,Walker,Coordinator,Sales,steve.walker439,steve.walker439@example.com
440,Kevin,Garcia,Manager,ML,kevin.garcia440,kevin.garcia440@example.com
441,Oliver,Garcia,Senior,Social Media,oliver.garcia441,oliver.garcia441@example.com
442,Michael,Lewis,Engineer,ML,michael.lewis442,michael.lewis442@example.com
443,Rachel,Johnson,Lead,Branding,rachel.johnson443,rachel.johnson443@example.com
444,Wendy,Taylor,Analyst,Operations,wendy.taylor444,wendy.taylor444@example.com
445,Ethan,Hall,Junior,Sales,ethan.hall445,ethan.hall445@example.com
446,Wendy,Lee,Coordinator,Data,wendy.lee446,wendy.lee446@example.com
447,Hannah,Walker,Senior,IT,hannah.walker447,hannah.walker447@example.com
448,Victor,Martin,Senior,Marketing,victor.martin448,victor.martin448@example.com
449,Zane,Taylor,Coordinator,Email,zane.taylor449,zane.taylor449@example.com
450,Paula,Lewis,Coordinator,Social Media,paula.lewis450,paula.lewis450@example.com
451,Tina,Martinez,Coordinator,Finance,tina.martinez451,tina.martinez451@example.com
452,Tina,Anderson,Manager,Design,tina.anderson452,tina.anderson452@example.com
453,Kevin,Brown,Manager,Support,kevin.brown453,kevin.brown453@example.com
454,Laura,Martinez,Coordinator,Social Media,laura.martinez454,laura.martinez454@example.com
455,Rachel,Hall,Junior,Finance,rachel.hall455,rachel.hall455@example.com
456,Julia,Garcia,Intern,Operations,julia.garcia456,julia.garcia456@example.com
457,Diana,Garcia,Engineer,Social Media,diana.garcia457,diana.garcia457@example.com
458,Paula,Martinez,Intern,IT,paula.martinez458,paula.martinez458@example.com
459,Hannah,Johnson,Intern,ML,hannah.johnson459,hannah.johnson459@example.com
460,Kevin,White,Coordinator,Branding,kevin.white460,kevin.white460@example.com
461,Oliver,Martin,Analyst,Marketing,oliver.martin461,oliver.martin461@example.com
462,Diana,Thompson,Senior,ML,diana.thompson462,diana.thompson462@example.com
463,Michael,Brown,Analyst,Social Media,michael.brown463,michael.brown463@example.com
464,Laura,Garcia,Specialist,Social Media,laura.garcia464,laura.garcia464@example.com
465,Uma,Lewis,Intern,Sales,uma.lewis465,uma.lewis465@example.com
466,Hannah,Clark,Junior,Marketing,hannah.clark466,hannah.clark466@example.com
467,Diana,Hall,Engineer,Branding,diana.hall467,diana.hall467@example.com
468,Uma,Thompson,Engineer,Social Media,uma.thompson468,uma.thompson468@example.com
469,Laura,White,Senior,ML,laura.white469,laura.white469@example.com
470,Michael,Martinez,Manager,Social Media,michael.martinez470,michael.martinez470@example.com
471,Xander,Clark,Specialist,Security,xander.clark471,xander.clark471@example.com
472,Fiona,Robinson,Manager,Branding,fiona.robinson472,fiona.robinson472@example.com
473,Tina,Lee,Manager,Marketing,tina.lee473,tina.lee473@example.com
474,Ian,Harris,Intern,Data,ian.harris474,ian.harris474@example.com
475,Bob,Hall,Intern,Operations,bob.hall475,bob.hall475@example.com
476,Hannah,Garcia,Junior,Data,hannah.garcia476,hannah.garcia476@example.com
477,Fiona,Robinson,Coordinator,WebDev,fiona.robinson477,fiona.robinson477@example.com
478,Oliver,Garcia,Engineer,Marketing,oliver.garcia478,oliver.garcia478@example.com
479,Nina,Martinez,Manager,Email,nina.martinez479,nina.martinez479@example.com
480,Diana,Walker,Specialist,Security,diana.walker480,diana.walker480@example.com
481,Fiona,Johnson,Coordinator,Branding,fiona.johnson481,fiona.johnson481@example.com
482,Paula,Martinez,Lead,Data,paula.martinez482,paula.martinez482@example.com
483,Yara,Walker,Senior,ML,yara.walker483,yara.walker483@example.com
484,Wendy,Thomas,Specialist,Support,wendy.thomas484,wendy.thomas484@example.com
485,George,Smith,Junior,IT,george.smith485,george.smith485@example.com
486,Uma,White,Lead,Design,uma.white486,uma.white486@example.com
487,Tina,Harris,Engineer,WebDev,tina.harris487,tina.harris487@example.com
488,Fiona,Jackson,Junior,Marketing,fiona.jackson488,fiona.jackson488@example.com
489,Yara,Walker,Intern,Operations,yara.walker489,yara.walker489@example.com
490,Steve,Johnson,Coordinator,Operations,steve.johnson490,steve.johnson490@example.com
491,Victor,Jackson,Junior,Security,victor.jackson491,victor.jackson491@example.com
492,Yara,Garcia,Senior,Social Media,yara.garcia492,yara.garcia492@example.com
493,Rachel,Taylor,Junior,Security,rachel.taylor493,rachel.taylor493@example.com
494,Tina,Smith,Analyst,WebDev,tina.smith494,tina.smith494@example.com
495,Oliver,White,Senior,HR,oliver.white495,oliver.white495@example.com
496,Steve,Brown,Junior,HR,steve.brown496,steve.brown496@example.com
497,Wendy,White,Intern,R&D,wendy.white497,wendy.white497@example.com
498,Quentin,Hall,Lead,Data,quentin.hall498,quentin.hall498@example.com
499,Ethan,Clark,Senior,Data,ethan.clark499,ethan.clark499@example.com
500,Fiona,Thomas,Coordinator,ML,fiona.thomas500,fiona.thomas500@example.com
501,Bob,Jackson,Engineer,Operations,bob.jackson501,bob.jackson501@example.com
502,Uma,Robinson,Junior,HR,uma.robinson502,uma.robinson502@example.com
503,Hannah,Garcia,Intern,Support,hannah.garcia503,hannah.garcia503@example.com
504,Ian,Martin,Lead,Finance,ian.martin504,ian.martin504@example.com
505,Alice,Jackson,Lead,Sales,alice.jackson505,alice.jackson505@example.com
506,Ian,Johnson,Intern,Social Media,ian.johnson506,ian.johnson506@example.com
507,Rachel,Harris,Senior,Finance,rachel.harris507,rachel.harris507@example.com
508,Julia,Smith,Intern,Email,julia.smith508,julia.smith508@example.com
509,Nina,Thomas,Junior,R&D,nina.thomas509,nina.thomas509@example.com
510,Michael,Robinson,Junior,R&D,michael.robinson510,michael.robinson510@example.com
511,Victor,Jackson,Lead,Sales,victor.jackson511,victor.jackson511@example.com
512,Laura,Brown,Intern,IT,laura.brown512,laura.brown512@example.com
513,Bob,Taylor,Intern,Email,bob.taylor513,bob.taylor513@example.com
514,Nina,White,Specialist,Email,nina.white514,nina.white514@example.com
515,Wendy,Hall,Senior,Branding,wendy.hall515,wendy.hall515@example.com
516,Charlie,Martinez,Specialist,Email,charlie.martinez516,charlie.martinez516@example.com
517,Rachel,Johnson,Intern,Marketing,rachel.johnson517,rachel.johnson517@example.com
518,Victor,Lewis,Senior,Design,victor.lewis518,victor.lewis518@example.com
519,George,Martin,Analyst,Finance,george.martin519,george.martin519@example.com
520,Rachel,Lee,Analyst,Social Media,rachel.lee520,rachel.lee520@example.com
521,Victor,Taylor,Intern,Data,victor.taylor521,victor.taylor521@example.com
522,Oliver,Martinez,Lead,Security,oliver.martinez522,oliver.martinez522@example.com
523,Victor,Brown,Specialist,Design,victor.brown523,victor.brown523@example.com
524,Paula,Thomas,Junior,IT,paula.thomas524,paula.thomas524@example.com
525,Rachel,Thomas,Senior,Data,rachel.thomas525,rachel.thomas525@example.com
526,Diana,Johnson,Intern,Support,diana.johnson526,diana.johnson526@example.com
527,Michael,Brown,Specialist,Design,michael.brown527,michael.brown527@example.com
528,Uma,Martinez,Engineer,Security,uma.martinez528,uma.martinez528@example.com
529,Wendy,Garcia,Senior,ML,wendy.garcia529,wendy.garcia529@example.com
530,Alice,Jackson,Coordinator,ML,alice.jackson530,alice.jackson530@example.com
531,Zane,Robinson,Senior,Security,zane.robinson531,zane.robinson531@example.com
532,Wendy,Walker,Senior,Social Media,wendy.walker532,wendy.walker532@example.com
533,Yara,Taylor,Manager,HR,yara.taylor533,yara.taylor533@example.com
534,Alice,Robinson,Intern,Social Media,alice.robinson534,alice.robinson534@example.com
535,Rachel,Anderson,Analyst,Sales,rachel.anderson535,rachel.anderson535@example.com
536,Diana,Smith,Engineer,HR,diana.smith536,diana.smith536@example.com
537,Alice,Brown,Lead,IT,alice.brown537,alice.brown537@example.com
538,Julia,Brown,Intern,Operations,julia.brown538,julia.brown538@example.com
539,Victor,Lee,Manager,Support,victor.lee539,victor.lee539@example.com
540,Ethan,Walker,Analyst,Email,ethan.walker540,ethan.walker540@example.com
541,Victor,Clark,Coordinator,Support,victor.clark541,victor.clark541@example.com
542,Wendy,Taylor,Coordinator,WebDev,wendy.taylor542,wendy.taylor542@example.com
543,Bob,Smith,Lead,HR,bob.smith543,bob.smith543@example.com
544,Uma,Thompson,Specialist,Data,uma.thompson544,uma.thompson544@example.com
545,Kevin,Martin,Specialist,Security,kevin.martin545,kevin.martin545@example.com
546,Charlie,Brown,Engineer,HR,charlie.brown546,charlie.brown546@example.com
547,Yara,Johnson,Junior,R&D,yara.johnson547,yara.johnson547@example.com
548,Tina,Martinez,Lead,WebDev,tina.martinez548,tina.martinez548@example.com
549,Rachel,Hall,Coordinator,R&D,rachel.hall549,rachel.hall549@example.com
550,Kevin,Allen,Engineer,Security,kevin.allen550,kevin.allen550@example.com
551,Victor,Hall,Coordinator,Social Media,victor.hall551,victor.hall551@example.com
552,Rachel,Martinez,Coordinator,Sales,rachel.martinez552,rachel.martinez552@example.com
553,Kevin,Lee,Analyst,Branding,kevin.lee553,kevin.lee553@example.com
554,Ian,Martinez,Senior,Branding,ian.martinez554,ian.martinez554@example.com
555,Julia,Walker,Engineer,Social Media,julia.walker555,julia.walker555@example.com
556,Ian,Walker,Analyst,Finance,ian.walker556,ian.walker556@example.com
557,Rachel,Taylor,Engineer,Support,rachel.taylor557,rachel.taylor557@example.com
558,Fiona,Taylor,Manager,Operations,fiona.taylor558,fiona.taylor558@example.com
559,Nina,Jackson,Analyst,Support,nina.jackson559,nina.jackson559@example.com
560,Tina,Hall,Manager,Design,tina.hall560,tina.hall560@example.com
561,Xander,Martinez,Junior,R&D,xander.martinez561,xander.martinez561@example.com
562,Rachel,Thomas,Senior,Data,rachel.thomas562,rachel.thomas562@example.com
563,Julia,White,Lead,Data,julia.white563,julia.white563@example.com
564,Charlie,Taylor,Senior,Operations,charlie.taylor564,charlie.taylor564@example.com
565,Julia,Thomas,Engineer,Social Media,julia.thomas565,julia.thomas565@example.com
566,Wendy,White,Senior,Finance,wendy.white566,wendy.white566@example.com
567,Xander,Allen,Engineer,Finance,xander.allen567,xander.allen567@example.com
568,Nina,Robinson,Specialist,Social Media,nina.robinson568,nina.robinson568@example.com
569,Nina,Martinez,Analyst,R&D,nina.martinez569,nina.martinez569@example.com
570,Diana,Hall,Lead,Operations,diana.hall570,diana.hall570@example.com
571,Quentin,Martin,Senior,HR,quentin.martin571,quentin.martin571@example.com
572,Hannah,Jackson,Specialist,Support,hannah.jackson572,hannah.jackson572@example.com
573,Nina,Smith,Senior,IT,nina.smith573,nina.smith573@example.com
574,Nina,Robinson,Analyst,IT,nina.robinson574,nina.robinson574@example.com
575,Victor,Garcia,Specialist,Sales,victor.garcia575,victor.garcia575@example.com
576,Bob,Jackson,Specialist,Security,bob.jackson576,bob.jackson576@example.com
577,Steve,Martin,Junior,Social Media,steve.martin577,steve.martin577@example.com
578,Hannah,Lewis,Lead,Operations,hannah.lewis578,hannah.lewis578@example.com
579,Nina,Jackson,Analyst,Design,nina.jackson579,nina.jackson579@example.com
580,Ian,Lee,Specialist,Data,ian.lee580,ian.lee580@example.com
581,Ethan,Martin,Coordinator,Operations,ethan.martin581,ethan.martin581@example.com
582,Zane,Thompson,Specialist,Design,zane.thompson582,zane.thompson582@example.com
583,Ian,Lewis,Coordinator,Social Media,ian.lewis583,ian.lewis583@example.com
584,Laura,Lewis,Specialist,Support,laura.lewis584,laura.lewis584@example.com
585,Paula,Thompson,Specialist,Marketing,paula.thompson585,paula.thompson585@example.com
586,Yara,Harris,Specialist,Branding,yara.harris586,yara.harris586@example.com
587,Wendy,Clark,Senior,Support,wendy.clark587,wendy.clark587@example.com
588,Tina,Harris,Intern,HR,tina.harris588,tina.harris588@example.com
589,Uma,Brown,Coordinator,Email,uma.brown589,uma.brown589@example.com
590,Ethan,Harris,Junior,HR,ethan.harris590,ethan.harris590@example.com
591,Nina,Lee,Specialist,Marketing,nina.lee591,nina.lee591@example.com
592,Diana,Thomas,Intern,Data,diana.thomas592,diana.thomas592@example.com
593,Fiona,Garcia,Analyst,Security,fiona.garcia593,fiona.garcia593@example.com
594,Nina,Walker,Senior,ML,nina.walker594,nina.walker594@example.com
595,Kevin,Anderson,Intern,Support,kevin.anderson595,kevin.anderson595@example.com
596,Yara,Johnson,Senior,Operations,yara.johnson596,yara.johnson596@example.com
597,Julia,Anderson,Coordinator,R&D,julia.anderson597,julia.anderson597@example.com
598,Nina,Hall,Analyst,Email,nina.hall598,nina.hall598@example.com
599,Laura,Allen,Junior,Security,laura.allen599,laura.allen599@example.com
600,Charlie,Hall,Manager,Operations,charlie.hall600,charlie.hall600@example.com
601,Victor,Garcia,Senior,Data,victor.garcia601,victor.garcia601@example.com
602,Wendy,Smith,Specialist,ML,wendy.smith602,wendy.smith602@example.com
603,Xander,Martin,Manager,Branding,xander.martin603,xander.martin603@example.com
604,Ethan,Allen,Manager,Finance,ethan.allen604,ethan.allen604@example.com
605,Oliver,Clark,Intern,Branding,oliver.clark605,oliver.clark605@example.com
606,Victor,Harris,Lead,Security,victor.harris606,victor.harris606@example.com
607,Bob,Garcia,Coordinator,Data,bob.garcia607,bob.garcia607@example.com
608,Ian,Walker,Specialist,Design,ian.walker608,ian.walker608@example.com
609,Alice,Lewis,Coordinator,Finance,alice.lewis609,alice.lewis609@example.com
610,Xander,Lee,Engineer,Support,xander.lee610,xander.lee610@example.com
611,Fiona,Martin,Intern,Marketing,fiona.martin611,fiona.martin611@example.com
612,Julia,Harris,Engineer,Security,julia.harris612,julia.harris612@example.com
613,Kevin,Thompson,Coordinator,Branding,kevin.thompson613,kevin.thompson613@example.com
614,Zane,Thompson,Coordinator,IT,zane.thompson614,zane.thompson614@example.com
615,Quentin,Johnson,Coordinator,Security,quentin.johnson615,quentin.johnson615@example.com
616,Oliver,White,Analyst,Sales,oliver.white616,oliver.white616@example.com
617,Oliver,Thomas,Senior,Email,oliver.thomas617,oliver.thomas617@example.com
618,Fiona,Martin,Manager,Finance,fiona.martin618,fiona.martin618@example.com
619,Kevin,Anderson,Specialist,Social Media,kevin.anderson619,kevin.anderson619@example.com
620,Ian,Martin,Analyst,Operations,ian.martin620,ian.martin620@example.com
621,Uma,Martinez,Intern,HR,uma.martinez621,uma.martinez621@example.com
622,Ian,Harris,Manager,ML,ian.harris622,ian.harris622@example.com
623,Ethan,Smith,Lead,Social Media,ethan.smith623,ethan.smith623@example.com
624,George,Brown,Lead,Finance,george.brown624,george.brown624@example.com
625,Michael,Lee,Analyst,WebDev,michael.lee625,michael.lee625@example.com
626,Charlie,White,Engineer,Marketing,charlie.white626,charlie.white626@example.com
627,Julia,Thompson,Junior,Support,julia.thompson627,julia.thompson627@example.com
628,Uma,Thomas,Lead,ML,uma.thomas628,uma.thomas628@example.com
629,Bob,Hall,Engineer,R&D,bob.hall629,bob.hall629@example.com
630,Paula,Jackson,Engineer,Branding,paula.jackson630,paula.jackson630@example.com
631,Ian,Walker,Senior,Marketing,ian.walker631,ian.walker631@example.com
632,Quentin,White,Senior,WebDev,quentin.white632,quentin.white632@example.com
633,Ian,Lee,Junior,R&D,ian.lee633,ian.lee633@example.com
634,Xander,Anderson,Analyst,Security,xander.anderson634,xander.anderson634@example.com
635,Bob,Robinson,Junior,Operations,bob.robinson635,bob.robinson635@example.com
636,Paula,Harris,Senior,IT,paula.harris636,paula.harris636@example.com
637,Michael,Clark,Lead,Data,michael.clark637,michael.clark637@example.com
638,Julia,Taylor,Engineer,Finance,julia.taylor638,julia.taylor638@example.com
639,Hannah,Jackson,Coordinator,Operations,hannah.jackson639,hannah.jackson639@example.com
640,Victor,Walker,Coordinator,Operations,victor.walker640,victor.walker640@example.com
641,Fiona,Hall,Analyst,Support,fiona.hall641,fiona.hall641@example.com
642,Paula,Thomas,Intern,IT,paula.thomas642,paula.thomas642@example.com
643,Bob,Smith,Engineer,Data,bob.smith643,bob.smith643@example.com
644,Kevin,Walker,Intern,Data,kevin.walker644,kevin.walker644@example.com
645,Michael,Walker,Specialist,Design,michael.walker645,michael.walker645@example.com
646,Xander,Thompson,Intern,Design,xander.thompson646,xander.thompson646@example.com
647,Paula,Anderson,Analyst,IT,paula.anderson647,paula.anderson647@example.com
648,Quentin,Jackson,Intern,Design,quentin.jackson648,quentin.jackson648@example.com
649,Oliver,Smith,Senior,Data,oliver.smith649,oliver.smith649@example.com
650,Ethan,Robinson,Senior,Security,ethan.robinson650,ethan.robinson650@example.com
651,Diana,Clark,Analyst,Branding,diana.clark651,diana.clark651@example.com
652,Charlie,Thomas,Senior,WebDev,charlie.thomas652,charlie.thomas652@example.com
653,Uma,Martinez,Lead,Security,uma.martinez653,uma.martinez653@example.com
654,Uma,Jackson,Lead,Social Media,uma.jackson654,uma.jackson654@example.com
655,Victor,Garcia,Senior,ML,victor.garcia655,victor.garcia655@example.com
656,Diana,White,Specialist,ML,diana.white656,diana.white656@example.com
657,Fiona,Martin,Junior,R&D,fiona.martin657,fiona.martin657@example.com
658,Zane,Robinson,Engineer,Security,zane.robinson658,zane.robinson658@example.com
659,Laura,Jackson,Engineer,IT,laura.jackson659,laura.jackson659@example.com
660,Zane,Allen,Engineer,HR,zane.allen660,zane.allen660@example.com
661,Steve,Taylor,Coordinator,Operations,steve.taylor661,steve.taylor661@example.com
662,Michael,Anderson,Lead,IT,michael.anderson662,michael.anderson662@example.com
663,Bob,Thomas,Senior,Email,bob.thomas663,bob.thomas663@example.com
664,Laura,Garcia,Specialist,WebDev,laura.garcia664,laura.garcia664@example.com
665,George,Walker,Engineer,Social Media,george.walker665,george.walker665@example.com
666,Xander,Anderson,Engineer,Branding,xander.anderson666,xander.anderson666@example.com
667,Zane,Walker,Analyst,HR,zane.walker667,zane.walker667@example.com
668,Wendy,Clark,Senior,Design,wendy.clark668,wendy.clark668@example.com
669,Diana,Martinez,Analyst,Support,diana.martinez669,diana.martinez669@example.com
670,Nina,Clark,Specialist,IT,nina.clark670,nina.clark670@example.com
671,Kevin,Clark,Specialist,Support,kevin.clark671,kevin.clark671@example.com
672,Nina,Brown,Engineer,IT,nina.brown672,nina.brown672@example.com
673,Ethan,Garcia,Coordinator,Branding,ethan.garcia673,ethan.garcia673@example.com
674,Oliver,Martinez,Senior,Social Media,oliver.martinez674,oliver.martinez674@example.com
675,Yara,Garcia,Lead,Support,yara.garcia675,yara.garcia675@example.com
676,Bob,Brown,Senior,Operations,bob.brown676,bob.brown676@example.com
677,Bob,Martin,Engineer,Data,bob.martin677,bob.martin677@example.com
678,Steve,Thomas,Manager,Marketing,steve.thomas678,steve.thomas678@example.com
679,Diana,Garcia,Coordinator,Email,diana.garcia679,diana.garcia679@example.com
680,George,Smith,Coordinator,ML,george.smith680,george.smith680@example.com
681,Steve,Brown,Manager,Sales,steve.brown681,steve.brown681@example.com
682,Xander,Lee,Junior,ML,xander.lee682,xander.lee682@example.com
683,Alice,Hall,Intern,WebDev,alice.hall683,alice.hall683@example.com
684,Paula,Allen,Specialist,Operations,paula.allen684,paula.allen684@example.com
685,Charlie,Lee,Intern,ML,charlie.lee685,charlie.lee685@example.com
686,Xander,White,Junior,Data,xander.white686,xander.white686@example.com
687,Paula,Thomas,Coordinator,Social Media,paula.thomas687,paula.thomas687@example.com
688,Laura,Johnson,Manager,Design,laura.johnson688,laura.johnson688@example.com
689,Wendy,Martinez,Specialist,Data,wendy.martinez689,wendy.martinez689@example.com
690,George,Harris,Coordinator,HR,george.harris690,george.harris690@example.com
691,Fiona,Garcia,Specialist,WebDev,fiona.garcia691,fiona.garcia691@example.com
692,Michael,White,Lead,Sales,michael.white692,michael.white692@example.com
693,Quentin,Clark,Engineer,WebDev,quentin.clark693,quentin.clark693@example.com
694,Zane,Lee,Junior,Email,zane.lee694,zane.lee694@example.com
695,Steve,Lee,Manager,Design,steve.lee695,steve.lee695@example.com
696,Michael,White,Analyst,Design,michael.white696,michael.white696@example.com
697,Hannah,Harris,Senior,Social Media,hannah.harris697,hannah.harris697@example.com
698,Steve,Thomas,Intern,Operations,steve.thomas698,steve.thomas698@example.com
699,Wendy,Robinson,Specialist,Sales,wendy.robinson699,wendy.robinson699@example.com
700,Xander,Lewis,Engineer,Design,xander.lewis700,xander.lewis700@example.com
701,Laura,Allen,Lead,Design,laura.allen701,laura.allen701@example.com
702,Wendy,Harris,Engineer,R&D,wendy.harris702,wendy.harris702@example.com
703,Hannah,Harris,Manager,Security,hannah.harris703,hannah.harris703@example.com
704,Wendy,Allen,Senior,R&D,wendy.allen704,wendy.allen704@example.com
705,Xander,Brown,Junior,Social Media,xander.brown705,xander.brown705@example.com
706,Bob,Taylor,Lead,HR,bob.taylor706,bob.taylor706@example.com
707,Laura,Hall,Analyst,Email,laura.hall707,laura.hall707@example.com
708,Paula,Brown,Coordinator,ML,paula.brown708,paula.brown708@example.com
709,Uma,Clark,Junior,Email,uma.clark709,uma.clark709@example.com
710,Laura,Lee,Lead,Data,laura.lee710,laura.lee710@example.com
711,Victor,Thomas,Analyst,Marketing,victor.thomas711,victor.thomas711@example.com
712,Ian,White,Junior,Security,ian.white712,ian.white712@example.com
713,Xander,Allen,Analyst,HR,xander.allen713,xander.allen713@example.com
714,Tina,Jackson,Manager,Design,tina.jackson714,tina.jackson714@example.com
715,Diana,Harris,Senior,Data,diana.harris715,diana.harris715@example.com
716,Bob,Thomas,Coordinator,Security,bob.thomas716,bob.thomas716@example.com
717,Julia,Thompson,Intern,WebDev,julia.thompson717,julia.thompson717@example.com
718,Ian,Anderson,Specialist,Marketing,ian.anderson718,ian.anderson718@example.com
719,Bob,Anderson,Specialist,HR,bob.anderson719,bob.anderson719@example.com
720,Uma,Thomas,Manager,Finance,uma.thomas720,uma.thomas720@example.com
721,Uma,Garcia,Engineer,IT,uma.garcia721,uma.garcia721@example.com
722,Nina,Lee,Manager,Operations,nina.lee722,nina.lee722@example.com
723,Nina,Johnson,Analyst,ML,nina.johnson723,nina.johnson723@example.com
724,Diana,Harris,Manager,Sales,diana.harris724,diana.harris724@example.com
725,Rachel,Johnson,Lead,Branding,rachel.johnson725,rachel.johnson725@example.com
726,Tina,Thomas,Engineer,HR,tina.thomas726,tina.thomas726@example.com
727,Charlie,Smith,Intern,ML,charlie.smith727,charlie.smith727@example.com
728,Zane,Garcia,Intern,Data,zane.garcia728,zane.garcia728@example.com
729,Rachel,Walker,Senior,Sales,rachel.walker729,rachel.walker729@example.com
730,Julia,Robinson,Analyst,Design,julia.robinson730,julia.robinson730@example.com
731,Diana,Garcia,Manager,Branding,diana.garcia731,diana.garcia731@example.com
732,Steve,Thompson,Engineer,IT,steve.thompson732,steve.thompson732@example.com
733,Ethan,Thomas,Engineer,Data,ethan.thomas733,ethan.thomas733@example.com
734,Yara,Robinson,Senior,IT,yara.robinson734,yara.robinson734@example.com
735,George,White,Manager,Social Media,george.white735,george.white735@example.com
736,Laura,Martinez,Coordinator,Sales,laura.martinez736,laura.martinez736@example.com
737,Rachel,Garcia,Intern,Marketing,rachel.garcia737,rachel.garcia737@example.com
738,Diana,Martin,Specialist,ML,diana.martin738,diana.martin738@example.com
739,Hannah,Allen,Engineer,Operations,hannah.allen739,hannah.allen739@example.com
740,Julia,Clark,Coordinator,IT,julia.clark740,julia.clark740@example.com
741,Ethan,Taylor,Junior,R&D,ethan.taylor741,ethan.taylor741@example.com
742,George,White,Intern,Design,george.white742,george.white742@example.com
743,Michael,Brown,Intern,Finance,michael.brown743,michael.brown743@example.com
744,Nina,Walker,Analyst,ML,nina.walker744,nina.walker744@example.com
745,Hannah,Garcia,Coordinator,WebDev,hannah.garcia745,hannah.garcia745@example.com
746,Yara,Clark,Intern,WebDev,yara.clark746,yara.clark746@example.com
747,Wendy,Martin,Specialist,Design,wendy.martin747,wendy.martin747@example.com
748,Quentin,Lee,Lead,Sales,quentin.lee748,quentin.lee748@example.com
749,Laura,Garcia,Analyst,Email,laura.garcia749,laura.garcia749@example.com
750,Bob,Lee,Intern,Support,bob.lee750,bob.lee750@example.com
751,Ethan,Clark,Engineer,Social Media,ethan.clark751,ethan.clark751@example.com
752,Ian,Robinson,Manager,Design,ian.robinson752,ian.robinson752@example.com
753,Tina,Hall,Specialist,Security,tina.hall753,tina.hall753@example.com
754,Diana,Brown,Engineer,Operations,diana.brown754,diana.brown754@example.com
755,Victor,Walker,Lead,Design,victor.walker755,victor.walker755@example.com
756,Bob,Lee,Intern,Finance,bob.lee756,bob.lee756@example.com
757,Diana,Clark,Intern,Branding,diana.clark757,diana.clark757@example.com
758,Paula,Walker,Senior,R&D,paula.walker758,paula.walker758@example.com
759,Tina,Robinson,Specialist,HR,tina.robinson759,tina.robinson759@example.com
760,George,Lee,Lead,Operations,george.lee760,george.lee760@example.com
761,Victor,White,Manager,HR,victor.white761,victor.white761@example.com
762,Alice,Lee,Specialist,ML,alice.lee762,alice.lee762@example.com
763,Diana,Martinez,Specialist,Data,diana.martinez763,diana.martinez763@example.com
764,Zane,Robinson,Intern,Sales,zane.robinson764,zane.robinson764@example.com
765,Charlie,Walker,Engineer,Design,charlie.walker765,charlie.walker765@example.com
766,Kevin,Martin,Analyst,Marketing,kevin.martin766,kevin.martin766@example.com
767,Rachel,Martinez,Manager,Finance,rachel.martinez767,rachel.martinez767@example.com
768,Yara,Allen,Junior,Data,yara.allen768,yara.allen768@example.com
769,Bob,Smith,Intern,WebDev,bob.smith769,bob.smith769@example.com
770,Wendy,Johnson,Analyst,IT,wendy.johnson770,wendy.johnson770@example.com
771,Rachel,Martin,Coordinator,Email,rachel.martin771,rachel.martin771@example.com
772,Kevin,Jackson,Lead,Social Media,kevin.jackson772,kevin.jackson772@example.com
773,Ian,Jackson,Junior,Design,ian.jackson773,ian.jackson773@example.com
774,Steve,Lee,Senior,Security,steve.lee774,steve.lee774@example.com
775,Wendy,Jackson,Manager,Email,wendy.jackson775,wendy.jackson775@example.com
776,Alice,Taylor,Engineer,Social Media,alice.taylor776,alice.taylor776@example.com
777,Kevin,White,Specialist,ML,kevin.white777,kevin.white777@example.com
778,Bob,Smith,Senior,Branding,bob.smith778,bob.smith778@example.com
779,Tina,Martin,Coordinator,HR,tina.martin779,tina.martin779@example.com
780,Steve,Lewis,Specialist,Sales,steve.lewis780,steve.lewis780@example.com
781,Charlie,Taylor,Intern,HR,charlie.taylor781,charlie.taylor781@example.com
782,Victor,Smith,Senior,Finance,victor.smith782,victor.smith782@example.com
783,Ian,Lewis,Analyst,Security,ian.lewis783,ian.lewis783@example.com
784,George,Robinson,Senior,Marketing,george.robinson784,george.robinson784@example.com
785,Diana,Jackson,Engineer,WebDev,diana.jackson785,diana.jackson785@example.com
786,Alice,Hall,Engineer,Branding,alice.hall786,alice.hall786@example.com
787,Alice,Lee,Analyst,Marketing,alice.lee787,alice.lee787@example.com
788,Hannah,Anderson,Specialist,ML,hannah.anderson788,hannah.anderson788@example.com
789,Quentin,Garcia,Intern,Support,quentin.garcia789,quentin.garcia789@example.com
790,Oliver,Lee,Specialist,R&D,oliver.lee790,oliver.lee790@example.com
791,Tina,Smith,Manager,Social Media,tina.smith791,tina.smith791@example.com
792,Wendy,White,Intern,Marketing,wendy.white792,wendy.white792@example.com
793,Steve,Martinez,Engineer,IT,steve.martinez793,steve.martinez793@example.com
794,Yara,Walker,Senior,Finance,yara.walker794,yara.walker794@example.com
795,Diana,Thomas,Junior,Operations,diana.thomas795,diana.thomas795@example.com
796,Charlie,Lewis,Specialist,Operations,charlie.lewis796,charlie.lewis796@example.com
797,Julia,Johnson,Senior,Social Media,julia.johnson797,julia.johnson797@example.com
798,Wendy,Taylor,Junior,HR,wendy.taylor798,wendy.taylor798@example.com
799,Uma,Walker,Engineer,Design,uma.walker799,uma.walker799@example.com
800,Yara,Martinez,Coordinator,R&D,yara.martinez800,yara.martinez800@example.com
801,Charlie,Hall,Senior,Data,charlie.hall801,charlie.hall801@example.com
802,Wendy,Lewis,Coordinator,ML,wendy.lewis802,wendy.lewis802@example.com
803,Diana,Hall,Specialist,Finance,diana.hall803,diana.hall803@example.com
804,George,White,Specialist,Sales,george.white804,george.white804@example.com
805,Michael,Garcia,Analyst,Data,michael.garcia805,michael.garcia805@example.com
806,Charlie,Harris,Analyst,Data,charlie.harris806,charlie.harris806@example.com
807,Ian,Anderson,Analyst,Data,ian.anderson807,ian.anderson807@example.com
808,Hannah,Walker,Specialist,Branding,hannah.walker808,hannah.walker808@example.com
809,Laura,Robinson,Analyst,Branding,laura.robinson809,laura.robinson809@example.com
810,Uma,Brown,Junior,Branding,uma.brown810,uma.brown810@example.com
811,Xander,Allen,Analyst,Design,xander.allen811,xander.allen811@example.com
812,Tina,Allen,Junior,Email,tina.allen812,tina.allen812@example.com
813,Uma,Smith,Intern,Marketing,uma.smith813,uma.smith813@example.com
814,Steve,Martinez,Specialist,ML,steve.martinez814,steve.martinez814@example.com
815,Charlie,Johnson,Senior,Email,charlie.johnson815,charlie.johnson815@example.com
816,Charlie,Martin,Lead,Email,charlie.martin816,charlie.martin816@example.com
817,Julia,Lewis,Lead,Finance,julia.lewis817,julia.lewis817@example.com
818,Rachel,Robinson,Junior,ML,rachel.robinson818,rachel.robinson818@example.com
819,Alice,Hall,Coordinator,Sales,alice.hall819,alice.hall819@example.com
820,Tina,Walker,Junior,Branding,tina.walker820,tina.walker820@example.com
821,Rachel,Walker,Specialist,Operations,rachel.walker821,rachel.walker821@example.com
822,Ethan,Hall,Coordinator,Finance,ethan.hall822,ethan.hall822@example.com
823,Paula,Walker,Intern,WebDev,paula.walker823,paula.walker823@example.com
824,Kevin,Johnson,Analyst,Social Media,kevin.johnson824,kevin.johnson824@example.com
825,Yara,Martin,Senior,Data,yara.martin825,yara.martin825@example.com
826,Julia,Johnson,Junior,R&D,julia.johnson826,julia.johnson826@example.com
827,Paula,Thomas,Engineer,Operations,paula.thomas827,paula.thomas827@example.com
828,Rachel,Smith,Analyst,Design,rachel.smith828,rachel.smith828@example.com
829,Xander,Smith,Lead,R&D,xander.smith829,xander.smith829@example.com
830,Steve,Harris,Specialist,HR,steve.harris830,steve.harris830@example.com
831,Xander,Harris,Senior,ML,xander.harris831,xander.harris831@example.com
832,Victor,Smith,Lead,ML,victor.smith832,victor.smith832@example.com
833,Ethan,Martinez,Analyst,Sales,ethan.martinez833,ethan.martinez833@example.com
834,Hannah,Smith,Coordinator,R&D,hannah.smith834,hannah.smith834@example.com
835,Diana,Martinez,Analyst,Branding,diana.martinez835,diana.martinez835@example.com
836,Fiona,Martinez,Intern,Social Media,fiona.martinez836,fiona.martinez836@example.com
837,George,Lewis,Coordinator,IT,george.lewis837,george.lewis837@example.com
838,Oliver,White,Engineer,Design,oliver.white838,oliver.white838@example.com
839,Kevin,Lee,Senior,R&D,kevin.lee839,kevin.lee839@example.com
840,Oliver,Lee,Analyst,Sales,oliver.lee840,oliver.lee840@example.com
841,George,Martin,Analyst,Social Media,george.martin841,george.martin841@example.com
842,Laura,Garcia,Manager,WebDev,laura.garcia842,laura.garcia842@example.com
843,Bob,White,Senior,ML,bob.white843,bob.white843@example.com
844,Oliver,Hall,Analyst,Support,oliver.hall844,oliver.hall844@example.com
845,Ethan,Anderson,Manager,HR,ethan.anderson845,ethan.anderson845@example.com
846,Ethan,Clark,Junior,Email,ethan.clark846,ethan.clark846@example.com
847,Fiona,Martin,Specialist,Branding,fiona.martin847,fiona.martin847@example.com
848,Yara,Allen,Engineer,Branding,yara.allen848,yara.allen848@example.com
849,Uma,Thompson,Junior,Design,uma.thompson849,uma.thompson849@example.com
850,Hannah,Lee,Coordinator,Operations,hannah.lee850,hannah.lee850@example.com
851,Oliver,Thomas,Engineer,Sales,oliver.thomas851,oliver.thomas851@example.com
852,Wendy,Martin,Specialist,Branding,wendy.martin852,wendy.martin852@example.com
853,Ian,Garcia,Engineer,R&D,ian.garcia853,ian.garcia853@example.com
854,Rachel,Taylor,Specialist,Data,rachel.taylor854,rachel.taylor854@example.com
855,Diana,Lee,Senior,Sales,diana.lee855,diana.lee855@example.com
856,Nina,Garcia,Senior,Sales,nina.garcia856,nina.garcia856@example.com
857,Wendy,Smith,Lead,Security,wendy.smith857,wendy.smith857@example.com
858,Alice,Anderson,Specialist,HR,alice.anderson858,alice.anderson858@example.com
859,Kevin,Johnson,Manager,R&D,kevin.johnson859,kevin.johnson859@example.com
860,Steve,Lewis,Intern,Security,steve.lewis860,steve.lewis860@example.com
861,Hannah,Jackson,Specialist,Support,hannah.jackson861,hannah.jackson861@example.com
862,Steve,Jackson,Coordinator,Sales,steve.jackson862,steve.jackson862@example.com
863,Paula,Clark,Lead,Support,paula.clark863,paula.clark863@example.com
864,Xander,Hall,Senior,Data,xander.hall864,xander.hall864@example.com
865,Paula,Clark,Engineer,IT,paula.clark865,paula.clark865@example.com
866,Oliver,Robinson,Coordinator,Finance,oliver.robinson866,oliver.robinson866@example.com
867,Yara,Thompson,Junior,Data,yara.thompson867,yara.thompson867@example.com
868,Oliver,Allen,Lead,Design,oliver.allen868,oliver.allen868@example.com
869,Uma,Clark,Manager,Marketing,uma.clark869,uma.clark869@example.com
870,Wendy,Lewis,Coordinator,Sales,wendy.lewis870,wendy.lewis870@example.com
871,Uma,Thompson,Coordinator,Security,uma.thompson871,uma.thompson871@example.com
872,Uma,Thompson,Lead,Design,uma.thompson872,uma.thompson872@example.com
873,Nina,Walker,Intern,Social Media,nina.walker873,nina.walker873@example.com
874,Julia,Anderson,Senior,WebDev,julia.anderson874,julia.anderson874@example.com
875,Zane,Smith,Senior,Support,zane.smith875,zane.smith875@example.com
876,Victor,White,Analyst,Security,victor.white876,victor.white876@example.com
877,Charlie,Lewis,Manager,ML,charlie.lewis877,charlie.lewis877@example.com
878,Tina,Martinez,Senior,R&D,tina.martinez878,tina.martinez878@example.com
879,Rachel,Brown,Specialist,WebDev,rachel.brown879,rachel.brown879@example.com
880,Charlie,Hall,Junior,Finance,charlie.hall880,charlie.hall880@example.com
881,Paula,Jackson,Engineer,ML,paula.jackson881,paula.jackson881@example.com
882,Fiona,Robinson,Intern,Design,fiona.robinson882,fiona.robinson882@example.com
883,Paula,Robinson,Engineer,Email,paula.robinson883,paula.robinson883@example.com
884,Steve,Taylor,Intern,IT,steve.taylor884,steve.taylor884@example.com
885,Michael,Thomas,Lead,Marketing,michael.thomas885,michael.thomas885@example.com
886,Tina,Walker,Lead,WebDev,tina.walker886,tina.walker886@example.com
887,Ethan,Anderson,Manager,R&D,ethan.anderson887,ethan.anderson887@example.com
888,Tina,Brown,Senior,Security,tina.brown888,tina.brown888@example.com
889,George,Anderson,Intern,Finance,george.anderson889,george.anderson889@example.com
890,Laura,Thomas,Specialist,Sales,laura.thomas890,laura.thomas890@example.com
891,Zane,Walker,Analyst,R&D,zane.walker891,zane.walker891@example.com
892,Hannah,Anderson,Lead,Sales,hannah.anderson892,hannah.anderson892@example.com
893,Paula,Hall,Specialist,Branding,paula.hall893,paula.hall893@example.com
894,Diana,Thomas,Analyst,Email,diana.thomas894,diana.thomas894@example.com
895,Oliver,Lee,Specialist,ML,oliver.lee895,oliver.lee895@example.com
896,Michael,Lewis,Senior,Branding,michael.lewis896,michael.lewis896@example.com
897,Uma,Johnson,Analyst,Sales,uma.johnson897,uma.johnson897@example.com
898,Charlie,Johnson,Analyst,Finance,charlie.johnson898,charlie.johnson898@example.com
899,Paula,Walker,Lead,HR,paula.walker899,paula.walker899@example.com
900,Alice,Johnson,Analyst,Finance,alice.johnson900,alice.johnson900@example.com
901,Ian,Taylor,Senior,Branding,ian.taylor901,ian.taylor901@example.com
902,Bob,Taylor,Intern,Support,bob.taylor902,bob.taylor902@example.com
903,Charlie,Johnson,Intern,IT,charlie.johnson903,charlie.johnson903@example.com
904,Julia,Garcia,Specialist,Security,julia.garcia904,julia.garcia904@example.com
905,Ethan,Jackson,Analyst,Security,ethan.jackson905,ethan.jackson905@example.com
906,Ian,Brown,Manager,WebDev,ian.brown906,ian.brown906@example.com
907,Michael,Walker,Manager,Security,michael.walker907,michael.walker907@example.com
908,Ian,Hall,Engineer,Branding,ian.hall908,ian.hall908@example.com
909,Wendy,Clark,Analyst,WebDev,wendy.clark909,wendy.clark909@example.com
910,Zane,Clark,Analyst,Support,zane.clark910,zane.clark910@example.com
911,Ian,Anderson,Intern,R&D,ian.anderson911,ian.anderson911@example.com
912,Victor,Clark,Lead,Finance,victor.clark912,victor.clark912@example.com
913,Xander,Walker,Senior,Branding,xander.walker913,xander.walker913@example.com
914,Ethan,Lee,Lead,WebDev,ethan.lee914,ethan.lee914@example.com
915,Alice,Lewis,Specialist,Marketing,alice.lewis915,alice.lewis915@example.com
916,Charlie,Martin,Specialist,Marketing,charlie.martin916,charlie.martin916@example.com
917,Alice,Harris,Specialist,Branding,alice.harris917,alice.harris917@example.com
918,Victor,Lewis,Coordinator,Security,victor.lewis918,victor.lewis918@example.com
919,Victor,Thompson,Manager,Finance,victor.thompson919,victor.thompson919@example.com
920,Michael,Lee,Analyst,R&D,michael.lee920,michael.lee920@example.com
921,Diana,Anderson,Specialist,Email,diana.anderson921,diana.anderson921@example.com
922,Yara,Allen,Intern,Security,yara.allen922,yara.allen922@example.com
923,Ian,Harris,Coordinator,Support,ian.harris923,ian.harris923@example.com
924,George,Harris,Senior,Finance,george.harris924,george.harris924@example.com
925,Uma,Hall,Lead,HR,uma.hall925,uma.hall925@example.com
926,George,Martin,Senior,R&D,george.martin926,george.martin926@example.com
927,Ethan,Clark,Lead,Marketing,ethan.clark927,ethan.clark927@example.com
928,George,Thompson,Specialist,Security,george.thompson928,george.thompson928@example.com
929,Wendy,Thompson,Senior,WebDev,wendy.thompson929,wendy.thompson929@example.com
930,Quentin,Thompson,Senior,Finance,quentin.thompson930,quentin.thompson930@example.com
931,Charlie,Walker,Junior,WebDev,charlie.walker931,charlie.walker931@example.com
932,Nina,Brown,Junior,Social Media,nina.brown932,nina.brown932@example.com
933,Quentin,Brown,Engineer,IT,quentin.brown933,quentin.brown933@example.com
934,Uma,Martin,Coordinator,WebDev,uma.martin934,uma.martin934@example.com
935,Paula,Hall,Lead,Security,paula.hall935,paula.hall935@example.com
936,Kevin,Thomas,Lead,Data,kevin.thomas936,kevin.thomas936@example.com
937,Kevin,Garcia,Analyst,Email,kevin.garcia937,kevin.garcia937@example.com
938,Hannah,Lee,Intern,ML,hannah.lee938,hannah.lee938@example.com
939,Nina,Robinson,Junior,Marketing,nina.robinson939,nina.robinson939@example.com
940,Steve,Jackson,Junior,R&D,steve.jackson940,steve.jackson940@example.com
941,Fiona,Robinson,Lead,Finance,fiona.robinson941,fiona.robinson941@example.com
942,George,Taylor,Manager,Sales,george.taylor942,george.taylor942@example.com
943,Ian,Smith,Coordinator,Support,ian.smith943,ian.smith943@example.com
944,Alice,Anderson,Intern,HR,alice.anderson944,alice.anderson944@example.com
945,Tina,Johnson,Coordinator,Support,tina.johnson945,tina.johnson945@example.com
946,Xander,Lee,Manager,Operations,xander.lee946,xander.lee946@example.com
947,Yara,Taylor,Senior,Finance,yara.taylor947,yara.taylor947@example.com
948,Paula,Jackson,Analyst,Finance,paula.jackson948,paula.jackson948@example.com
949,Kevin,Allen,Intern,Support,kevin.allen949,kevin.allen949@example.com
950,Ethan,Martin,Analyst,Support,ethan.martin950,ethan.martin950@example.com
951,Tina,Thompson,Intern,Data,tina.thompson951,tina.thompson951@example.com
952,Fiona,Thompson,Manager,HR,fiona.thompson952,fiona.thompson952@example.com
953,Alice,Johnson,Manager,Branding,alice.johnson953,alice.johnson953@example.com
954,Rachel,White,Lead,WebDev,rachel.white954,rachel.white954@example.com
955,Tina,White,Lead,Social Media,tina.white955,tina.white955@example.com
956,Kevin,Thompson,Lead,ML,kevin.thompson956,kevin.thompson956@example.com
957,Fiona,Lee,Analyst,Operations,fiona.lee957,fiona.lee957@example.com
958,Wendy,Taylor,Engineer,Operations,wendy.taylor958,wendy.taylor958@example.com
959,Julia,Robinson,Intern,Social Media,julia.robinson959,julia.robinson959@example.com
960,George,Lewis,Coordinator,Finance,george.lewis960,george.lewis960@example.com
961,George,Garcia,Specialist,Sales,george.garcia961,george.garcia961@example.com
962,Tina,Lewis,Senior,Marketing,tina.lewis962,tina.lewis962@example.com
963,Fiona,White,Senior,Design,fiona.white963,fiona.white963@example.com
964,Yara,Lewis,Coordinator,Design,yara.lewis964,yara.lewis964@example.com
965,Yara,Lee,Manager,R&D,yara.lee965,yara.lee965@example.com
966,Julia,Harris,Analyst,R&D,julia.harris966,julia.harris966@example.com
967,Ian,Smith,Analyst,Social Media,ian.smith967,ian.smith967@example.com
968,Fiona,Martin,Lead,Email,fiona.martin968,fiona.martin968@example.com
969,Alice,Smith,Analyst,IT,alice.smith969,alice.smith969@example.com
970,Ian,Thomas,Engineer,WebDev,ian.thomas970,ian.thomas970@example.com
971,Kevin,Johnson,Coordinator,ML,kevin.johnson971,kevin.johnson971@example.com
972,Steve,Walker,Analyst,Operations,steve.walker972,steve.walker972@example.com
973,Michael,Lewis,Senior,Operations,michael.lewis973,michael.lewis973@example.com
974,Rachel,Smith,Coordinator,Marketing,rachel.smith974,rachel.smith974@example.com
975,Tina,Walker,Coordinator,Marketing,tina.walker975,tina.walker975@example.com
976,Hannah,Lewis,Junior,Email,hannah.lewis976,hannah.lewis976@example.com
977,Ian,Anderson,Analyst,Branding,ian.anderson977,ian.anderson977@example.com
978,Oliver,White,Analyst,Sales,oliver.white978,oliver.white978@example.com
979,Uma,Hall,Intern,R&D,uma.hall979,uma.hall979@example.com
980,Uma,Garcia,Coordinator,HR,uma.garcia980,uma.garcia980@example.com
981,Zane,Thompson,Manager,Marketing,zane.thompson981,zane.thompson981@example.com
982,Hannah,Brown,Specialist,Security,hannah.brown982,hannah.brown982@example.com
983,Bob,Taylor,Coordinator,Support,bob.taylor983,bob.taylor983@example.com
984,Diana,Lewis,Manager,Operations,diana.lewis984,diana.lewis984@example.com
985,Diana,Lewis,Specialist,IT,diana.lewis985,diana.lewis985@example.com
986,Alice,Thompson,Engineer,Sales,alice.thompson986,alice.thompson986@example.com
987,Rachel,Lewis,Junior,Security,rachel.lewis987,rachel.lewis987@example.com
988,Ian,Allen,Engineer,ML,ian.allen988,ian.allen988@example.com
989,Bob,Martin,Intern,Social Media,bob.martin989,bob.martin989@example.com
990,Laura,Taylor,Specialist,Support,laura.taylor990,laura.taylor990@example.com
991,Zane,Smith,Lead,Finance,zane.smith991,zane.smith991@example.com
992,Wendy,White,Junior,WebDev,wendy.white992,wendy.white992@example.com
993,Ian,Anderson,Lead,Security,ian.anderson993,ian.anderson993@example.com
994,Tina,Lee,Lead,R&D,tina.lee994,tina.lee994@example.com
995,Rachel,Hall,Specialist,Sales,rachel.hall995,rachel.hall995@example.com
996,Tina,Clark,Engineer,Support,tina.clark996,tina.clark996@example.com
997,Alice,Lewis,Intern,WebDev,alice.lewis997,alice.lewis997@example.com
998,George,Smith,Engineer,Email,george.smith998,george.smith998@example.com
999,Zane,Robinson,Manager,Email,zane.robinson999,zane.robinson999@example.com
